epoch;accuracy;loss;val_accuracy;val_loss
0;0.453174;2.725964892853392;0.40794411301612854;1.5502986907958984
1;0.52269197;2.2039677891546465;0.4820403456687927;1.0000542402267456
2;0.5631055;1.9675057127964966;0.45042282342910767;1.0679961442947388
