epoch;accuracy;loss;val_accuracy;val_loss
0;0.008449154;5.611689836280781;0.02021646313369274;5.070141792297363
