epoch;accuracy;loss;val_accuracy;val_loss
0;0.0345225;332.9639930959044;0.04853973537683487;4.167288780212402
1;0.056309;4.548330528814335;0.06369374692440033;4.02711296081543
0;0.032049052;12.190385222003533;0.04494578018784523;4.2259063720703125
1;0.052360024;4.638835404150337;0.06101684644818306;3.955475091934204
2;0.067075096;4.482485210748686;0.07454274594783783;3.8223302364349365
3;0.07970378;4.3616889405127495;0.08705444633960724;3.7003655433654785
4;0.092117816;4.261310638306471;0.09959157556295395;3.6273181438446045
5;0.104294844;4.176793505306902;0.11128591001033783;3.578660488128662
6;0.11644745;4.101253686963499;0.12358754128217697;3.52217435836792
